task_id,family,bucket,pep1_id,pep1_mod,pep1_canonical,pep1_dropped,pep2_id,pep2_mod,pep2_canonical,pep2_dropped,gold,tied_after_strip,pep1_pll,pep2_pll,pll_gap_p1_minus_p2,predicted,correct
pilot-peptide-pairwise-sequence-mch-easy-011,MCH,easy,PEP-517897F3A5,DFDMLRCMLGRVYRACWQV,DFDMLRCMLGRVYRACWQV,,PEP-2458EB436B,Asp-Phe-Asp-Met-Leu-Arg-Ser-Met-Leu-Gly-Arg-Val-Tyr-Arg-Pro-Ser-Trp-Gln-Val,DFDMLRSMLGRVYRPSWQV,,PEP-517897F3A5,False,-3.2324066162109375,-3.083350896835327,-0.14905571937561035,PEP-2458EB436B,False
pilot-peptide-pairwise-sequence-mch-easy-012,MCH,easy,PEP-AD2F82FF59,DFDMLRCMLGRVY(N-Me-Arg)PCWQV,DFDMLRCMLGRVYRPCWQV,,PEP-ADE0407385,Arg-Cys-Met-Leu-Gly-Arg-Val-Tyr-Arg-Ala-Cys-Trp,RCMLGRVYRACW,,PEP-ADE0407385,False,-3.2653045654296875,-3.3482494354248047,0.08294486999511719,PEP-AD2F82FF59,False
pilot-peptide-pairwise-sequence-mch-easy-013,MCH,easy,PEP-12C8AA0F1B,Arg-Cys-Met-Leu-Gly-Arg-Val-Tyr-Ala-Pro-Cys-Trp,RCMLGRVYAPCW,,PEP-77A315C29A,DFDMLRCMLGRVYRPCAQV,DFDMLRCMLGRVYRPCAQV,,PEP-77A315C29A,False,-3.3988800048828125,-3.2267379760742188,-0.17214202880859375,PEP-77A315C29A,True
pilot-peptide-pairwise-sequence-mch-easy-014,MCH,easy,PEP-9BC43BFBCF,DFDMLRCALGRVYRPCWQV,DFDMLRCALGRVYRPCWQV,,PEP-9813A7559C,Ac-Arg-Cys-Met-D-Leu-Gly-Arg-Val-Tyr-Arg-Pro-Cys-Trp-NH2,RCMLGRVYRPCW,,PEP-9BC43BFBCF,False,-3.2143871784210205,-3.484015464782715,0.26962828636169434,PEP-9BC43BFBCF,True
pilot-peptide-pairwise-sequence-mch-easy-015,MCH,easy,PEP-21CD436B31,Ac-[Des-Gly10]-Arg-Cys-Met-Leu-Arg-Val-Tyr-Arg-Pro-Cys-Trp-NH2,RCMLRVYRPCW,Des-Gly10,PEP-AD2F82FF59,DFDMLRCMLGRVY(N-Me-Arg)PCWQV,DFDMLRCMLGRVYRPCWQV,,PEP-AD2F82FF59,False,-3.495145082473755,-3.2653045654296875,-0.22984051704406738,PEP-AD2F82FF59,True
pilot-peptide-pairwise-sequence-mch-hard-001,MCH,hard,PEP-517897F3A5,DFDMLRCMLGRVYRACWQV,DFDMLRCMLGRVYRACWQV,,PEP-A1FBFDBD21,DFDMLRCMLG(N-Me-Arg)VYRPCWQV,DFDMLRCMLGRVYRPCWQV,,PEP-A1FBFDBD21,False,-3.2324066162109375,-3.2653045654296875,0.03289794921875,PEP-517897F3A5,False
pilot-peptide-pairwise-sequence-mch-hard-002,MCH,hard,PEP-77A315C29A,DFDMLRCMLGRVYRPCAQV,DFDMLRCMLGRVYRPCAQV,,PEP-94F65383C0,DFDMLRC(N-Me-Nle)LGRVYRPCWQV,DFDMLRCLGRVYRPCWQV,N-Me-Nle,PEP-77A315C29A,False,-3.2267379760742188,-3.2401347160339355,0.013396739959716797,PEP-77A315C29A,True
pilot-peptide-pairwise-sequence-mch-hard-003,MCH,hard,PEP-5D7C340C27,DADMLRCMLGRVYRPCWQV,DADMLRCMLGRVYRPCWQV,,PEP-517897F3A5,DFDMLRCMLGRVYRACWQV,DFDMLRCMLGRVYRACWQV,,PEP-5D7C340C27,False,-3.2003960609436035,-3.2324066162109375,0.032010555267333984,PEP-5D7C340C27,True
pilot-peptide-pairwise-sequence-mch-hard-004,MCH,hard,PEP-B2688A8B6F,Asp-Phe-Asp-Met-Leu-Arg-Cys-Met-Leu-Gly-Arg-Val-Tyr-Arg-Pro-Cys-Trp-Gln-Val,DFDMLRCMLGRVYRPCWQV,,PEP-76033AAA8F,Asp-Phe-Asp-Met-Leu-Arg-Cys-Met-Leu-Gly-Arg-Val-ITyr-Arg-Pro-Cys-Trp-Gln-Val,DFDMLRCMLGRVITYRRPCWQV,,PEP-B2688A8B6F,False,-3.2653045654296875,-3.2274703979492188,-0.03783416748046875,PEP-76033AAA8F,False
pilot-peptide-pairwise-sequence-mch-hard-005,MCH,hard,PEP-72E481BD02,Ac-Arg-Cys-Met-Leu-Gly-D-Arg-Val-Tyr-Arg-Pro-Cys-Trp-NH2,RCMLGRVYRPCW,,PEP-70DED4DFCB,Ac-Cys-Gly-Arg-Val-Tyr-Cys-NH2,CGRVYC,,PEP-70DED4DFCB,False,-3.484015464782715,-3.288875102996826,-0.19514036178588867,PEP-70DED4DFCB,True
pilot-peptide-pairwise-sequence-mch-medium-006,MCH,medium,PEP-02EB16E525,Asp-Phe-Asp-Met-Leu-Arg-Pro-Met-Leu-Gly-NH2,DFDMLRPMLG,,PEP-CF372AC677,Ac-D-Trp-D-Cys-D-Pro-D-Arg-D-Tyr-D-Val-D-Arg-D-Gly-D-Leu-D-Met-D-Cys-D-Arg-NH2,WCPRYVRGLMCR,,PEP-CF372AC677,False,-3.1836893558502197,-3.2766427993774414,0.09295344352722168,PEP-02EB16E525,False
pilot-peptide-pairwise-sequence-mch-medium-007,MCH,medium,PEP-9813A7559C,Ac-Arg-Cys-Met-D-Leu-Gly-Arg-Val-Tyr-Arg-Pro-Cys-Trp-NH2,RCMLGRVYRPCW,,PEP-C87C5400D0,Ac-[Des-Pro15]-Arg-Cys-Met-Leu-Gly-Arg-Val-Tyr-Arg-Cys-Trp-NH2,RCMLGRVYRCW,Des-Pro15,PEP-C87C5400D0,False,-3.484015464782715,-3.3554813861846924,-0.12853407859802246,PEP-C87C5400D0,True
pilot-peptide-pairwise-sequence-mch-medium-008,MCH,medium,PEP-9813A7559C,Ac-Arg-Cys-Met-D-Leu-Gly-Arg-Val-Tyr-Arg-Pro-Cys-Trp-NH2,RCMLGRVYRPCW,,PEP-F1099AAE99,Ac-Gly-Arg-Val-Tyr-Arg-Pro-Pro-Trp-Gln-Val,GRVYRPPWQV,,PEP-9813A7559C,False,-3.484015464782715,-3.118229627609253,-0.3657858371734619,PEP-F1099AAE99,False
pilot-peptide-pairwise-sequence-mch-medium-009,MCH,medium,PEP-FC593C1FB5,Ac-Met-Leu-Gly-Arg-Val-Tyr-NH2,MLGRVY,,PEP-02EB16E525,Asp-Phe-Asp-Met-Leu-Arg-Pro-Met-Leu-Gly-NH2,DFDMLRPMLG,,PEP-FC593C1FB5,False,-2.5960021018981934,-3.1836893558502197,0.5876872539520264,PEP-FC593C1FB5,True
pilot-peptide-pairwise-sequence-mch-medium-010,MCH,medium,PEP-E393FA3BB1,Arg-Cys-Met-Leu-Ala-Arg-Val-Tyr-Arg-Pro-Cys-Trp,RCMLARVYRPCW,,PEP-78B8E06402,Asp-Phe-Asp-Met-Leu-Arg-Cys-Met-Leu-Gly-Arg-Val-Tyr-Arg-Pro-Cys-NH2,DFDMLRCMLGRVYRPC,,PEP-78B8E06402,False,-3.395703077316284,-3.205734968185425,-0.18996810913085938,PEP-78B8E06402,True
pilot-peptide-pairwise-sequence-mch-trivial-016,MCH,trivial,PEP-4BE58CE8E0,Ac-Cys-Met-Leu-Gly-Arg-Val-Tyr-Arg-Cys-NH2,CMLGRVYRC,,PEP-F13501AAC3,Asp-Phe-Asp-Met-Leu-Arg-Cys-Met-Leu-Gly-Arg-Val-Tyr-Arg-Pro-Cys-Trp,DFDMLRCMLGRVYRPCW,,PEP-F13501AAC3,False,-3.360574722290039,-3.243500232696533,-0.11707448959350586,PEP-F13501AAC3,True
pilot-peptide-pairwise-sequence-mch-trivial-017,MCH,trivial,PEP-F9E872922C,Arg-Cys-Met-Leu-Gly-Arg-Val-Phe-Arg-Pro-Cys-Trp,RCMLGRVFRPCW,,PEP-65DFE88AA1,Asp-Phe-Asp-Met-Leu-Arg-Ala-Met-Leu-Gly-NH2,DFDMLRAMLG,,PEP-F9E872922C,False,-3.36358642578125,-2.9771039485931396,-0.38648247718811035,PEP-65DFE88AA1,False
pilot-peptide-pairwise-sequence-mch-trivial-018,MCH,trivial,PEP-630D326B9E,Ac-Arg-Cys-D-Met-Leu-Gly-Arg-Val-Tyr-Arg-Pro-Cys-Trp-NH2,RCMLGRVYRPCW,,PEP-8071AA20D1,Ac-cyclo(S-S)(Cys-Met-Leu-Gly-Arg-Val-Tyr-Arg-Pro-Cys)-NH2,CYCL,S-S;Cys-Met-Leu-Gly-Arg-Val-Tyr-Arg-Pro-Cys,PEP-8071AA20D1,False,-3.484015464782715,-3.3742012977600098,-0.10981416702270508,PEP-8071AA20D1,True
pilot-peptide-pairwise-sequence-mch-trivial-019,MCH,trivial,PEP-ECEB0E999B,Ac-Met-Leu-Gly-Arg-Val-Tyr-Arg-Pro-NH2,MLGRVYRP,,PEP-FE1C020140,Arg-Cys-Met-Leu-Gly-Arg-Ala-Tyr-Arg-Pro-Cys-Trp,RCMLGRAYRPCW,,PEP-FE1C020140,False,-2.6403911113739014,-3.526883840560913,0.8864927291870117,PEP-ECEB0E999B,False
pilot-peptide-pairwise-sequence-mch-trivial-020,MCH,trivial,PEP-7FCCF95F6C,Asp-Phe-Asp-Met-Leu-Arg-Cys-Met-Leu-Gly-Arg-Val-Phe-Arg-Pro-Cys-Trp-Gln-Tyr,DFDMLRCMLGRVFRPCWQY,,PEP-888EE114A0,Ac-Cys-Met-Leu-Gly-Arg-Val-Tyr-Cys-NH2,CMLGRVYC,,PEP-7FCCF95F6C,False,-3.295520544052124,-3.4213173389434814,0.12579679489135742,PEP-7FCCF95F6C,True
pilot-peptide-pairwise-sequence-nps-easy-011,NPS,easy,PEP-A920399647,SFRNGVGTGMKK(N-Me-Thr)-NH2,SFRNGVGTGMKKT,,PEP-6E4129A3EE,SF(NomegaMe-Arg)**Q**GVGTGMKKTSFQRAKS,SFQGVGTGMKKTSFQRAKS,NomegaMe-Arg,PEP-A920399647,False,-3.059267282485962,-2.979424238204956,-0.07984304428100586,PEP-6E4129A3EE,False
pilot-peptide-pairwise-sequence-nps-easy-012,NPS,easy,PEP-EBF5A06DFA,SFRNGVGTGMKK(D-Thr)SFQRAKS,SFRNGVGTGMKKTSFQRAKS,,PEP-93846D9997,(D-Ser)F(4-F-Phe)NGVGTGMKK(N-Me-Thr)SFQRAKS-NH2,SFNGVGTGMKKTSFQRAKS,4-F-Phe,PEP-EBF5A06DFA,False,-2.987419605255127,-3.0120298862457275,0.024610280990600586,PEP-EBF5A06DFA,True
pilot-peptide-pairwise-sequence-nps-easy-013,NPS,easy,PEP-01D50FA130,"SF(Nω,N′ω-dimethyl-Arg)NGVGTGMKKTSFQRAKS",SFNGVGTGMKKTSFQRAKS,"Nω,N′ω-dimethyl-Arg",PEP-F7ACD41E91,SFRNGVGTGMKKTSFQRAKS -- GLQG(HomoArg)LQ(HomoArg)LLQA(alpha-Me-Ser)GNHAAGILT(Nle)-NH2,SFRNGVGTGMKKTSFQRAKSGLQGRLQRLLQASGNHAAGILTL,,PEP-F7ACD41E91,False,-3.0120298862457275,-2.7783820629119873,-0.23364782333374023,PEP-F7ACD41E91,True
pilot-peptide-pairwise-sequence-nps-easy-014,NPS,easy,PEP-D7E5ED8121,SFRNGV(Sar)TGMKKTSFQRAKS-NH2,SFRNGVGTGMKKTSFQRAKS,,PEP-5C3E07DAE1,[D-Ser]-FRNGVGTGM-[D-Lys]-K[(γ-E)-(Pal)]-[D-Thr]-NH2 (Acetate),SFRNGVGTGMKKT,(γ-E)-(Pal),PEP-5C3E07DAE1,False,-2.987419605255127,-3.059267282485962,0.07184767723083496,PEP-D7E5ED8121,False
pilot-peptide-pairwise-sequence-nps-easy-015,NPS,easy,PEP-F71A4156E7,SF(⍺-methyl-L-Arg)NGVGTGMKKTSFQRAKS,SFNGVGTGMKKTSFQRAKS,⍺-methyl-L-Arg,PEP-9640D1AE05,"SF(Nomega,Nomega'-dimethyl-Arg)NGVGTGMK-K[(gamma-E)-(C16 Pal)]-TSFQRAKS-NH2",SFNGVGTGMKKTSFQRAKS,"Nomega,Nomega'-dimethyl-Arg;(gamma-E)-(C16 Pal)",PEP-9640D1AE05,True,-3.0120298862457275,-3.0120298862457275,0.0,PEP-F71A4156E7,False
pilot-peptide-pairwise-sequence-nps-hard-001,NPS,hard,PEP-57AA9A237F,(D-Ser)FRNGVGTGMK(N-Me-Lys)(N-Me-Thr)SFQRAKS-NH2,SFRNGVGTGMKKTSFQRAKS,,PEP-DCA805671F,SF(D-Arg)NGVGTGMKKTSFQRAKS,SFRNGVGTGMKKTSFQRAKS,,PEP-57AA9A237F,True,-2.987419605255127,-2.987419605255127,0.0,PEP-57AA9A237F,True
pilot-peptide-pairwise-sequence-nps-hard-002,NPS,hard,PEP-5AFAF60379,SF(Nw-Arg)NGVGTGMK(N-Me-Lys)TSFQRAKS-NH2,SFRNGVGTGMKKTSFQRAKS,,PEP-2A9B5D1511,GFRNGVGTGMKKTSFQRAKS-NH2,GFRNGVGTGMKKTSFQRAKS,,PEP-2A9B5D1511,False,-2.987419605255127,-2.992189407348633,0.004769802093505859,PEP-5AFAF60379,False
pilot-peptide-pairwise-sequence-nps-hard-003,NPS,hard,PEP-F847A7F8B0,Ac-[D-Ser]-FRNGVGTGMK-K[(γ-E)-(Pal)]-TSFQRAKS-NH2,SFRNGVGTGMKKTSFQRAKS,(γ-E)-(Pal),PEP-1E99FE6899,SFRNGVGTGMKKTSFQRAKS -- RSGPPGLQG(HomoArg)LQ(HomoArg)LLQA(alpha-Me-Ser)GNHAAGILT(Nle)-NH2,SFRNGVGTGMKKTSFQRAKSRSGPPGLQGRLQRLLQASGNHAAGILTL,,PEP-F847A7F8B0,False,-2.987419605255127,-2.78196382522583,-0.20545578002929688,PEP-1E99FE6899,False
pilot-peptide-pairwise-sequence-nps-hard-004,NPS,hard,PEP-2B9544E6ED,SFRNGVGSGMKKTSFQRAKS-NH2,SFRNGVGSGMKKTSFQRAKS,,PEP-0E72BE56EA,(N-Me-Ser)FRNGVGTG(Nle)K-K[(gamma-E)(C16palm)]-TSFQRAKS-NH2,SFRNGVGTGLKKTSFQRAKS,(gamma-E)(C16palm),PEP-0E72BE56EA,False,-2.9567177295684814,-2.9310483932495117,-0.025669336318969727,PEP-0E72BE56EA,True
pilot-peptide-pairwise-sequence-nps-hard-005,NPS,hard,PEP-982CDFEDE5,"SF(Nomega,Nomega-dimethyl-Arg)NGVGTGMK-K[(gamma-E)-(C18:1)]-T-NH2",SFNGVGTGMKKT,"Nomega,Nomega-dimethyl-Arg;(gamma-E)-(C18:1)",PEP-C4BD6EC0B0,SF**K**NGVGTGMKKTSFQRAKS,SFKNGVGTGMKKTSFQRAKS,,PEP-982CDFEDE5,False,-3.0709760189056396,-2.989553213119507,-0.08142280578613281,PEP-C4BD6EC0B0,False
pilot-peptide-pairwise-sequence-nps-medium-006,NPS,medium,PEP-2B9544E6ED,SFRNGVGSGMKKTSFQRAKS-NH2,SFRNGVGSGMKKTSFQRAKS,,PEP-3C7BAD7753,SFR(beta-homo-Asn)NGVGTGMK(N-Me-Lys)TSFQRAKS,SFRNGVGTGMKKTSFQRAKS,beta-homo-Asn,PEP-2B9544E6ED,False,-2.9567177295684814,-2.987419605255127,0.030701875686645508,PEP-2B9544E6ED,True
pilot-peptide-pairwise-sequence-nps-medium-007,NPS,medium,PEP-A920399647,SFRNGVGTGMKK(N-Me-Thr)-NH2,SFRNGVGTGMKKT,,PEP-38FA9A7048,(Sar)FRNGVGTGMKK(N-Me-Thr)SFQRAKS-NH2,GFRNGVGTGMKKTSFQRAKS,,PEP-A920399647,False,-3.059267282485962,-2.992189407348633,-0.0670778751373291,PEP-38FA9A7048,False
pilot-peptide-pairwise-sequence-nps-medium-008,NPS,medium,PEP-7D98E2E166,SF(hArg)NGVGTGMKKTSFQRAKS,SFRNGVGTGMKKTSFQRAKS,,PEP-E97DEBF87B,"SF(Nomega,Nomega-dimethyl-Arg)N(Sar)VGTG(N-Me-Nle)K-K[(gamma-E)-(C16 Pal)]-T-(Tyr)(Glu)LLQ(Gly)SGNHAAGILT(Nle)-NH2",SFNGVGTGKKTYELLQGSGNHAAGILTL,"Nomega,Nomega-dimethyl-Arg;N-Me-Nle;(gamma-E)-(C16 Pal)",PEP-7D98E2E166,False,-2.987419605255127,-2.9018566608428955,-0.08556294441223145,PEP-E97DEBF87B,False
pilot-peptide-pairwise-sequence-nps-medium-009,NPS,medium,PEP-4034EAFD19,SFR(D-Asn)GVGTGMKKTSFQRAKS,SFRNGVGTGMKKTSFQRAKS,,PEP-CCA7B11E57,(D-Pro)-GGSR-SFRNGVGTGMKKTSFQRAKS-NH2 (Acetate),PGGSRSFRNGVGTGMKKTSFQRAKS,,PEP-4034EAFD19,False,-2.987419605255127,-2.9146687984466553,-0.07275080680847168,PEP-CCA7B11E57,False
pilot-peptide-pairwise-sequence-nps-medium-010,NPS,medium,PEP-6EDBFB8035,SFR(beta-hAsn)GVGTG(Nle)KK(gammaGlu-C16)TSFQRAKS -- RSGPPGLQG(HomoArg)LQ(HomoArg)LLQA(alpha-Me-Ser)GNHAAGILT(Nle)-NH2,SFRGVGTGLKKTSFQRAKSRSGPPGLQGRLQRLLQASGNHAAGILTL,beta-hAsn;gammaGlu-C16,PEP-4A5C6A2011,(Sar)FRNGVGTGMK-K[(gammaE)(C16palm)]-(N-Me-Thr)SFQRAKS-NH2,GFRNGVGTGMKKTSFQRAKS,(gammaE)(C16palm),PEP-6EDBFB8035,False,-2.7491440773010254,-2.992189407348633,0.24304533004760742,PEP-6EDBFB8035,True
pilot-peptide-pairwise-sequence-nps-trivial-016,NPS,trivial,PEP-6AD40DFAAC,SFRNGVGTGMKKTSFQRAKA-NH2,SFRNGVGTGMKKTSFQRAKA,,PEP-F8B060B824,SFRNGVATGMKKTSFQRAKS-NH2,SFRNGVATGMKKTSFQRAKS,,PEP-6AD40DFAAC,False,-3.0007333755493164,-2.9977335929870605,-0.0029997825622558594,PEP-F8B060B824,False
pilot-peptide-pairwise-sequence-nps-trivial-017,NPS,trivial,PEP-2C55CCE94D,cyclo[S-FRN-D]-GVGTGMKKTSFQRAKS-NH2,CYCLGVGTGMKKTSFQRAKS,S-FRN-D,PEP-BE0F1BFD81,AFRNGVGTG(Nle)K-K[(gamma-E)(C16palm)]-TSFQRAKS-NH2,AFRNGVGTGLKKTSFQRAKS,(gamma-E)(C16palm),PEP-BE0F1BFD81,False,-3.0573270320892334,-2.9592888355255127,-0.0980381965637207,PEP-BE0F1BFD81,True
pilot-peptide-pairwise-sequence-nps-trivial-018,NPS,trivial,PEP-77513969FE,SFRNGVGTGMK-K[(gamma-E)-(C20)]-TSFQRAKS-NH2 (Acetate),SFRNGVGTGMKKTSFQRAKS,(gamma-E)-(C20),PEP-57AA9A237F,(D-Ser)FRNGVGTGMK(N-Me-Lys)(N-Me-Thr)SFQRAKS-NH2,SFRNGVGTGMKKTSFQRAKS,,PEP-77513969FE,True,-2.987419605255127,-2.987419605255127,0.0,PEP-77513969FE,True
pilot-peptide-pairwise-sequence-nps-trivial-019,NPS,trivial,PEP-C7640349F1,(D-Ser)FRN(Sar)VGTGMK-K[(gamma-E)-(C16 Pal)]-TSFQRAKS-NH2,SFRNGVGTGMKKTSFQRAKS,(gamma-E)-(C16 Pal),PEP-01D50FA130,"SF(Nω,N′ω-dimethyl-Arg)NGVGTGMKKTSFQRAKS",SFNGVGTGMKKTSFQRAKS,"Nω,N′ω-dimethyl-Arg",PEP-C7640349F1,False,-2.987419605255127,-3.0120298862457275,0.024610280990600586,PEP-C7640349F1,True
pilot-peptide-pairwise-sequence-nps-trivial-020,NPS,trivial,PEP-0991E3B841,AFRNGVGTGMK-K[(gamma-E)(C16palm)]-TSFQRAKS-NH2,AFRNGVGTGMKKTSFQRAKS,(gamma-E)(C16palm),PEP-2D992DD05B,SF(NωMe-Arg)**Q**GVGTGMKKTSFQRAKS,SFQGVGTGMKKTSFQRAKS,NωMe-Arg,PEP-0991E3B841,False,-3.0176684856414795,-2.979424238204956,-0.03824424743652344,PEP-2D992DD05B,False
pilot-peptide-pairwise-sequence-oxn-easy-011,OXN,easy,PEP-CA956A2AED,RSGPPGLQG(hArg(Et)2)LQRLLQASGNHAAGILT(Nle)-NH2,RSGPPGLQGLQRLLQASGNHAAGILTL,hArg(Et,PEP-F0D1AC9115,RSGPPGLQG(HomoArg)LQ(HomoGln)LLQ(Gly)SGNHAAGILTM-NH2,RSGPPGLQGRLQLLQGSGNHAAGILTM,HomoGln,PEP-CA956A2AED,False,-2.6402201652526855,-2.739954948425293,0.09973478317260742,PEP-CA956A2AED,True
pilot-peptide-pairwise-sequence-oxn-easy-012,OXN,easy,PEP-3B8AD94138,LQ(Gly)SGNHAAGILT(Nle)-NH2,LQGSGNHAAGILTL,,PEP-E133AFA59A,RSGPPGLQGRLQRLLQAS(Abu)NHAAGILTM-NH2,RSGPPGLQGRLQRLLQASNHAAGILTM,Abu,PEP-E133AFA59A,False,-2.881561517715454,-2.7409074306488037,-0.1406540870666504,PEP-E133AFA59A,True
pilot-peptide-pairwise-sequence-oxn-easy-013,OXN,easy,PEP-F6C9BC71BB,RSGPPGLQG(Trimethyl-Lys)LQRLLQASGNHAAGILTM-NH2,RSGPPGLQGLQRLLQASGNHAAGILTM,Trimethyl-Lys,PEP-541A94CF77,LQ(Aib)SGNHAAGILT(Nle)-NH2,LQASGNHAAGILTL,,PEP-F6C9BC71BB,False,-2.7126595973968506,-2.894289493560791,0.18162989616394043,PEP-F6C9BC71BB,True
pilot-peptide-pairwise-sequence-oxn-easy-014,OXN,easy,PEP-60421EC884,RSGPPGLQGRLQRLLQAS(N-Phenethyl-Gly)NHAAGILTM-NH2,RSGPPGLQGRLQRLLQASNHAAGILTM,N-Phenethyl-Gly,PEP-1901FD3803,RSGPPGLQGRLQRLLQ(D-Val)SGNHAAGILTM-NH2,RSGPPGLQGRLQRLLQVSGNHAAGILTM,,PEP-60421EC884,False,-2.7409074306488037,-2.7361724376678467,-0.004734992980957031,PEP-1901FD3803,False
pilot-peptide-pairwise-sequence-oxn-easy-015,OXN,easy,PEP-626CBBDF7C,RSGPPGLQG(D-Arg)LQRLLQASGNHAAGILTM-NH2,RSGPPGLQGRLQRLLQASGNHAAGILTM,,PEP-2AD8EEC265,RSGPP GLQGR L(Tyr)RLL Q(Gly)SGN HAAGI LTM-NH2,RSGPPGLQGRLYRLLQGSGNHAAGILTM,,PEP-2AD8EEC265,False,-2.6998417377471924,-2.8058907985687256,0.1060490608215332,PEP-626CBBDF7C,False
pilot-peptide-pairwise-sequence-oxn-hard-001,OXN,hard,PEP-3238F2B9CF,GLQGX LQ(hArg)XL QASGN HAAGI LT(Nle)-NH2,GLQGLQRLQASGNHAAGILTL,,PEP-8806C23CA2,RSGPPGLQGRLQRLLQA(Thr)GNHAAGILTM-NH2,RSGPPGLQGRLQRLLQATGNHAAGILTM,,PEP-8806C23CA2,False,-2.70644474029541,-2.708329439163208,0.0018846988677978516,PEP-3238F2B9CF,False
pilot-peptide-pairwise-sequence-oxn-hard-002,OXN,hard,PEP-1484A050C3,RQ(K-gGlu-C18diacid) GLQG(hArg) LQ(hArg) LL QASGN HAAGI LT(Nle)-NH2,RQGLQGRLQRLLQASGNHAAGILTL,K-gGlu-C18diacid,PEP-0440AF3F98,RSGPPGLQGRLQ(Orn)LLQASGNHAAGILTM-NH2,RSGPPGLQGRLQKLLQASGNHAAGILTM,,PEP-0440AF3F98,False,-2.60063099861145,-2.7834179401397705,0.1827869415283203,PEP-1484A050C3,False
pilot-peptide-pairwise-sequence-oxn-hard-003,OXN,hard,PEP-FB0D333B58,RSGPP(D-Ala)LQGRLQRLLQASGNHAAGILTM-NH2,RSGPPALQGRLQRLLQASGNHAAGILTM,,PEP-1B7058BFA2,RSGPPGLQGR(Nle)QRLLQASGNHAAGILTM-NH2,RSGPPGLQGRLQRLLQASGNHAAGILTM,,PEP-1B7058BFA2,False,-2.719942808151245,-2.6998417377471924,-0.020101070404052734,PEP-1B7058BFA2,True
pilot-peptide-pairwise-sequence-oxn-hard-004,OXN,hard,PEP-96DBEF616C,(hArg)LY(hArg)LLQ(Aib)SGNHAAGILT(Nle)-NH2,RLYRLLQASGNHAAGILTL,,PEP-2AD8EEC265,RSGPP GLQGR L(Tyr)RLL Q(Gly)SGN HAAGI LTM-NH2,RSGPPGLQGRLYRLLQGSGNHAAGILTM,,PEP-2AD8EEC265,False,-2.8334860801696777,-2.8058907985687256,-0.02759528160095215,PEP-2AD8EEC265,True
pilot-peptide-pairwise-sequence-oxn-hard-005,OXN,hard,PEP-4567BA5846,Ac-RQK GLQGR LYRLL QGSGN HAAGI LT(Nle)-NH2,RQKGLQGRLYRLLQGSGNHAAGILTL,,PEP-D8A944EC6F,(hArg)LQ(hArg)LLQ(Gly)SGNHAAGILT(Nle)-NH2,RLQRLLQGSGNHAAGILTL,,PEP-D8A944EC6F,False,-2.791378974914551,-2.7538599967956543,-0.037518978118896484,PEP-D8A944EC6F,True
pilot-peptide-pairwise-sequence-oxn-medium-006,OXN,medium,PEP-F9A8AC8ACB,RQK GLQGR LYRLL QGSGN HAAGI LT(Nle)-NH2,RQKGLQGRLYRLLQGSGNHAAGILTL,,PEP-1644F77D58,RSGPPGLQGRLQ(D-Citrulline)LLQASGNHAAGILTM-NH2,RSGPPGLQGRLQLLQASGNHAAGILTM,D-Citrulline,PEP-F9A8AC8ACB,False,-2.791378974914551,-2.7533371448516846,-0.03804183006286621,PEP-1644F77D58,False
pilot-peptide-pairwise-sequence-oxn-medium-007,OXN,medium,PEP-00EAF67A70,RSGPPGLQGRLQRLLQA(D-Ser)GNHAAGILTM-NH2,RSGPPGLQGRLQRLLQASGNHAAGILTM,,PEP-700A40B882,RSGPPGLQG(hArg(Et)2)LQRLLQASGNHAAGILTM-NH2,RSGPPGLQGLQRLLQASGNHAAGILTM,hArg(Et,PEP-700A40B882,False,-2.6998417377471924,-2.7126595973968506,0.012817859649658203,PEP-00EAF67A70,False
pilot-peptide-pairwise-sequence-oxn-medium-008,OXN,medium,PEP-EF6D6A0B59,RSGPPGLQGRLQRLLQ(Gly)SGNHAAGILTM-NH2,RSGPPGLQGRLQRLLQGSGNHAAGILTM,,PEP-D6A2C9FCE2,RSGPP GLQGR LQRLL QASGN HAAGI LT(Norleucine/Nle)-NH2,RSGPPGLQGRLQRLLQASGNHAAGILT,Norleucine/Nle,PEP-D6A2C9FCE2,False,-2.6764674186706543,-2.6387155055999756,-0.03775191307067871,PEP-D6A2C9FCE2,True
pilot-peptide-pairwise-sequence-oxn-medium-009,OXN,medium,PEP-25F3AA9837,RSGPPGLQGRWQRLLQASGNHAAGILTM-NH2,RSGPPGLQGRWQRLLQASGNHAAGILTM,,PEP-6E065F8CAE,(Gba)(hAla-N3)(Nle)LR(β-HoVal)YRP(Pra)W-GSGNHAAGILT(Nle)-NH2,LLRYRPWGSGNHAAGILTL,Gba;hAla-N3;β-HoVal;Pra,PEP-25F3AA9837,False,-2.7943601608276367,-2.948082447052002,0.15372228622436523,PEP-25F3AA9837,True
pilot-peptide-pairwise-sequence-oxn-medium-010,OXN,medium,PEP-9ADE1FDF2F,RSGPPGLQGRL(Gln)RLLQASGNHAAGILTM-NH2,RSGPPGLQGRLQRLLQASGNHAAGILTM,,PEP-41AFA0594A,RSGPPGLQG(Cit)LQRLLQASGNHAAGILTM-NH2,RSGPPGLQGQLQRLLQASGNHAAGILTM,,PEP-9ADE1FDF2F,False,-2.6998417377471924,-2.748462200164795,0.04862046241760254,PEP-9ADE1FDF2F,True
pilot-peptide-pairwise-sequence-oxn-trivial-016,OXN,trivial,PEP-0D16DC31BD,RSGPP GLQGR LQRLL QASGN HAAGI (homocysteine/Hcy)TM-NH2,RSGPPGLQGRLQRLLQASGNHAAGITM,homocysteine/Hcy,PEP-EFF498299A,RSGPPGLQG(hArg)LQ(hArg)LLQ(Gly)(alpha-Me-Ser)GNHAAGILT(Nle)-NH2,RSGPPGLQGRLQRLLQGSGNHAAGILTL,,PEP-EFF498299A,False,-2.734027147293091,-2.5990281105041504,-0.13499903678894043,PEP-EFF498299A,True
pilot-peptide-pairwise-sequence-oxn-trivial-017,OXN,trivial,PEP-08CA1BE0CA,EPLPDCCRQKTCSCRLYELLHGAGNHAAGILTL-NH2,EPLPDCCRQKTCSCRLYELLHGAGNHAAGILTL,,PEP-354776531C,RSGPPGLQGRLQRLLQASG(Gln)HAAGILTM-NH2,RSGPPGLQGRLQRLLQASGQHAAGILTM,,PEP-354776531C,False,-2.91446590423584,-2.6634702682495117,-0.2509956359863281,PEP-354776531C,True
pilot-peptide-pairwise-sequence-oxn-trivial-018,OXN,trivial,PEP-4C71E8B0E2,RSGPPGLQGRLQRLLQASGNHAAGILT(2-AOC)-NH2,RSGPPGLQGRLQRLLQASGNHAAGILT,2-AOC,PEP-E9EC519D3F,GLQPRLQRLLQASGNHAAGILTM-NH2 (human OXB residues 6-28),GLQPRLQRLLQASGNHAAGILTM,human OXB residues 6-28,PEP-4C71E8B0E2,False,-2.6387155055999756,-2.7545340061187744,0.11581850051879883,PEP-4C71E8B0E2,True
pilot-peptide-pairwise-sequence-oxn-trivial-019,OXN,trivial,PEP-191B8494EE,RSGPP GLQGR LQRLL QASGN HAAGI LT(D-Phe)-NH2,RSGPPGLQGRLQRLLQASGNHAAGILTF,,PEP-AF99E136D9,Ac-8LQGR LQXLL QASGN HAAGI LT(Nle)-NH2,LQGRLQLLQASGNHAAGILTL,,PEP-AF99E136D9,False,-2.6825311183929443,-2.7121059894561768,0.029574871063232422,PEP-191B8494EE,False
pilot-peptide-pairwise-sequence-oxn-trivial-020,OXN,trivial,PEP-05DBE273E8,RSGPPGLQGRLQRLLQASGNHAAAILTM-NH2,RSGPPGLQGRLQRLLQASGNHAAAILTM,,PEP-3238F2B9CF,GLQGX LQ(hArg)XL QASGN HAAGI LT(Nle)-NH2,GLQGLQRLQASGNHAAGILTL,,PEP-3238F2B9CF,False,-2.6994738578796387,-2.70644474029541,0.006970882415771484,PEP-05DBE273E8,False
