task_id,family,bucket,agent,pick,gold,category
pilot-peptide-pairwise-sequence-mch-easy-012,MCH,easy,claude,PEP-AD2F82FF59,PEP-ADE0407385,pharmacophore_misapplied
pilot-peptide-pairwise-sequence-mch-easy-012,MCH,easy,codex,PEP-AD2F82FF59,PEP-ADE0407385,length_or_complexity_cue
pilot-peptide-pairwise-sequence-mch-easy-013,MCH,easy,claude,,PEP-77A315C29A,aup_refusal
pilot-peptide-pairwise-sequence-mch-easy-014,MCH,easy,claude,PEP-9813A7559C,PEP-9BC43BFBCF,pharmacophore_misapplied
pilot-peptide-pairwise-sequence-mch-easy-014,MCH,easy,codex,PEP-9813A7559C,PEP-9BC43BFBCF,pharmacophore_misapplied
pilot-peptide-pairwise-sequence-mch-hard-002,MCH,hard,claude,PEP-94F65383C0,PEP-77A315C29A,pharmacophore_misapplied
pilot-peptide-pairwise-sequence-mch-hard-002,MCH,hard,codex,PEP-94F65383C0,PEP-77A315C29A,pharmacophore_misapplied
pilot-peptide-pairwise-sequence-mch-hard-003,MCH,hard,claude,PEP-517897F3A5,PEP-5D7C340C27,pharmacophore_misapplied
pilot-peptide-pairwise-sequence-mch-hard-004,MCH,hard,claude,PEP-76033AAA8F,PEP-B2688A8B6F,pharmacophore_misapplied
pilot-peptide-pairwise-sequence-mch-hard-004,MCH,hard,codex,PEP-76033AAA8F,PEP-B2688A8B6F,pharmacophore_misapplied
pilot-peptide-pairwise-sequence-mch-hard-005,MCH,hard,claude,PEP-72E481BD02,PEP-70DED4DFCB,pharmacophore_misapplied
pilot-peptide-pairwise-sequence-mch-hard-005,MCH,hard,codex,PEP-72E481BD02,PEP-70DED4DFCB,pharmacophore_misapplied
pilot-peptide-pairwise-sequence-mch-medium-006,MCH,medium,claude,,PEP-CF372AC677,aup_refusal
pilot-peptide-pairwise-sequence-mch-medium-007,MCH,medium,claude,PEP-9813A7559C,PEP-C87C5400D0,pharmacophore_misapplied
pilot-peptide-pairwise-sequence-mch-medium-007,MCH,medium,codex,PEP-9813A7559C,PEP-C87C5400D0,pharmacophore_misapplied
pilot-peptide-pairwise-sequence-mch-medium-010,MCH,medium,claude,,PEP-78B8E06402,aup_refusal
pilot-peptide-pairwise-sequence-mch-medium-010,MCH,medium,codex,PEP-E393FA3BB1,PEP-78B8E06402,pharmacophore_misapplied
pilot-peptide-pairwise-sequence-mch-trivial-017,MCH,trivial,claude,,PEP-F9E872922C,aup_refusal
pilot-peptide-pairwise-sequence-nps-easy-014,NPS,easy,claude,PEP-D7E5ED8121,PEP-5C3E07DAE1,pharmacophore_misapplied
pilot-peptide-pairwise-sequence-nps-easy-014,NPS,easy,codex,PEP-D7E5ED8121,PEP-5C3E07DAE1,length_or_complexity_cue
pilot-peptide-pairwise-sequence-nps-easy-015,NPS,easy,claude,PEP-F71A4156E7,PEP-9640D1AE05,pharmacophore_misapplied
pilot-peptide-pairwise-sequence-nps-hard-002,NPS,hard,claude,PEP-5AFAF60379,PEP-2A9B5D1511,pharmacophore_misapplied
pilot-peptide-pairwise-sequence-nps-hard-002,NPS,hard,codex,PEP-5AFAF60379,PEP-2A9B5D1511,pharmacophore_misapplied
pilot-peptide-pairwise-sequence-nps-hard-003,NPS,hard,claude,PEP-1E99FE6899,PEP-F847A7F8B0,no_substantive_reasoning
pilot-peptide-pairwise-sequence-nps-hard-003,NPS,hard,codex,PEP-1E99FE6899,PEP-F847A7F8B0,no_substantive_reasoning
pilot-peptide-pairwise-sequence-nps-hard-004,NPS,hard,claude,PEP-2B9544E6ED,PEP-0E72BE56EA,pharmacophore_misapplied
pilot-peptide-pairwise-sequence-nps-medium-007,NPS,medium,claude,PEP-38FA9A7048,PEP-A920399647,pharmacophore_misapplied
pilot-peptide-pairwise-sequence-nps-medium-007,NPS,medium,codex,PEP-38FA9A7048,PEP-A920399647,length_or_complexity_cue
pilot-peptide-pairwise-sequence-nps-medium-010,NPS,medium,claude,PEP-4A5C6A2011,PEP-6EDBFB8035,pharmacophore_misapplied
pilot-peptide-pairwise-sequence-nps-medium-010,NPS,medium,codex,PEP-4A5C6A2011,PEP-6EDBFB8035,length_or_complexity_cue
pilot-peptide-pairwise-sequence-nps-trivial-017,NPS,trivial,claude,PEP-2C55CCE94D,PEP-BE0F1BFD81,pharmacophore_misapplied
pilot-peptide-pairwise-sequence-nps-trivial-017,NPS,trivial,codex,PEP-2C55CCE94D,PEP-BE0F1BFD81,no_substantive_reasoning
pilot-peptide-pairwise-sequence-nps-trivial-020,NPS,trivial,claude,PEP-2D992DD05B,PEP-0991E3B841,pharmacophore_misapplied
pilot-peptide-pairwise-sequence-nps-trivial-020,NPS,trivial,codex,PEP-2D992DD05B,PEP-0991E3B841,pharmacophore_misapplied
pilot-peptide-pairwise-sequence-oxn-easy-011,OXN,easy,claude,,PEP-CA956A2AED,aup_refusal
pilot-peptide-pairwise-sequence-oxn-easy-015,OXN,easy,codex,PEP-626CBBDF7C,PEP-2AD8EEC265,pharmacophore_misapplied
pilot-peptide-pairwise-sequence-oxn-hard-002,OXN,hard,claude,PEP-1484A050C3,PEP-0440AF3F98,pharmacophore_misapplied
pilot-peptide-pairwise-sequence-oxn-hard-004,OXN,hard,claude,PEP-96DBEF616C,PEP-2AD8EEC265,pharmacophore_misapplied
pilot-peptide-pairwise-sequence-oxn-hard-004,OXN,hard,codex,PEP-96DBEF616C,PEP-2AD8EEC265,pharmacophore_misapplied
pilot-peptide-pairwise-sequence-oxn-hard-005,OXN,hard,claude,PEP-4567BA5846,PEP-D8A944EC6F,length_or_complexity_cue
pilot-peptide-pairwise-sequence-oxn-hard-005,OXN,hard,codex,PEP-4567BA5846,PEP-D8A944EC6F,length_or_complexity_cue
pilot-peptide-pairwise-sequence-oxn-medium-006,OXN,medium,codex,PEP-1644F77D58,PEP-F9A8AC8ACB,pharmacophore_misapplied
pilot-peptide-pairwise-sequence-oxn-medium-007,OXN,medium,claude,,PEP-700A40B882,aup_refusal
pilot-peptide-pairwise-sequence-oxn-medium-009,OXN,medium,claude,,PEP-25F3AA9837,aup_refusal
pilot-peptide-pairwise-sequence-oxn-medium-009,OXN,medium,codex,PEP-6E065F8CAE,PEP-25F3AA9837,length_or_complexity_cue
pilot-peptide-pairwise-sequence-oxn-trivial-017,OXN,trivial,claude,,PEP-354776531C,aup_refusal
pilot-peptide-pairwise-sequence-oxn-trivial-017,OXN,trivial,codex,PEP-08CA1BE0CA,PEP-354776531C,length_or_complexity_cue
pilot-peptide-pairwise-sequence-oxn-trivial-018,OXN,trivial,codex,PEP-E9EC519D3F,PEP-4C71E8B0E2,pharmacophore_misapplied
pilot-peptide-pairwise-sequence-oxn-trivial-019,OXN,trivial,claude,PEP-191B8494EE,PEP-AF99E136D9,length_or_complexity_cue
pilot-peptide-pairwise-sequence-oxn-trivial-020,OXN,trivial,claude,,PEP-3238F2B9CF,aup_refusal
